{"initial_reset_timestamp": 1602433400.425946, "timestamps": [1602433401.378381, 1602433402.749739, 1602433403.3395104, 1602433403.7911117, 1602433404.1048865, 1602433404.931911, 1602433406.1944923, 1602433406.8142004, 1602433407.3493235, 1602433407.6797068, 1602433408.4752083, 1602433409.6609921, 1602433410.2370489, 1602433410.6764464, 1602433410.9871004, 1602433411.835356, 1602433413.019515, 1602433413.5950239, 1602433414.0332272, 1602433414.3433068, 1602433415.1358328, 1602433416.3146584, 1602433416.892019, 1602433417.3300576, 1602433417.6478279, 1602433418.4414604, 1602433419.6258662, 1602433420.374212, 1602433420.8269582, 1602433421.1367784, 1602433421.9271946, 1602433423.1060336, 1602433423.6815636, 1602433424.1214879, 1602433424.4311101, 1602433425.2444983, 1602433426.421149, 1602433426.996659, 1602433427.4350693, 1602433427.7520444, 1602433428.5523698, 1602433429.7331228, 1602433430.3216271, 1602433430.7610836, 1602433431.0748508, 1602433431.888233, 1602433433.0716922, 1602433433.653244, 1602433434.0989382, 1602433434.4125435], "episode_lengths": [275, 411, 201, 153, 108, 275, 411, 201, 153, 108, 275, 411, 201, 153, 108, 275, 411, 201, 153, 108, 275, 411, 201, 153, 108, 275, 411, 201, 153, 108, 275, 411, 201, 153, 108, 275, 411, 201, 153, 108, 275, 411, 201, 153, 108, 275, 411, 201, 153, 108], "episode_rewards": [8.0, 11.0, 5.0, 3.0, 2.0, 8.0, 11.0, 5.0, 3.0, 2.0, 8.0, 11.0, 5.0, 3.0, 2.0, 8.0, 11.0, 5.0, 3.0, 2.0, 8.0, 11.0, 5.0, 3.0, 2.0, 8.0, 11.0, 5.0, 3.0, 2.0, 8.0, 11.0, 5.0, 3.0, 2.0, 8.0, 11.0, 5.0, 3.0, 2.0, 8.0, 11.0, 5.0, 3.0, 2.0, 8.0, 11.0, 5.0, 3.0, 2.0], "episode_types": ["t", "t", "t", "t", "t", "t", "t", "t", "t", "t", "t", "t", "t", "t", "t", "t", "t", "t", "t", "t", "t", "t", "t", "t", "t", "t", "t", "t", "t", "t", "t", "t", "t", "t", "t", "t", "t", "t", "t", "t", "t", "t", "t", "t", "t", "t", "t", "t", "t", "t"]}